woonplaats,area_ha
Lekkum,239.08663573459899
Miedum,292.5615624070481
Snakkerburen,31.14045228894991
Hempens,90.28194729715021
Teerns,2.9631566432499423
Swichum,177.89941696500085
Wytgaard,741.5381454859524
Tzum,1420.2548873503467
Hitzum,429.1127524109457
Achlum,762.2669578134528
Herbaijum,305.22297945339733
Franeker,1817.211923363555
Zweins,204.57203556940092
Peins,406.2151380327486
Schalsum,342.0795814558986
Ried,317.38307503064755
Boer,211.09197222945028
Dongjum,349.7542023625532
Sexbierum,1083.0731166645755
Pietersbierum,583.1215029212065
Oosterbierum,544.8973979417301
Klooster Lidlum,252.93059136279706
Tzummarum,1154.7229873427984
Firdgum,244.82244460698158
Bakhuizen,290.96985284755124
Balk,499.4961300192443
Elahuizen,1028.2485113822997
Harich,1723.2239920457519
Kolderwolde,476.1813847184007
Mirns,370.2429392567652
Nijemirdum,758.3856624137034
Oudega,3706.6366350399985
Oudemirdum,1364.6804464933255
Rijs,542.377030232863
Ruigahuizen,433.744504345101
Sloten,519.7952623844521
Sondel,962.8916496482262
Wijckel,1170.8719496729902
Blesdijke,1561.5078589594023
Boijl,1753.5999411874975
De Blesse,225.23671620809915
De Hoeve,764.1214977904028
Langelille,627.0020020918994
Munnekeburen,788.1207001100042
Nijeholtpade,865.115719740448
Nijeholtwolde,847.0228028627025
Nijelamer,848.556408923604
Nijetrijne,793.6744211336503
Noordwolde,1241.9167481636537
Oldeholtpade,988.9514403020509
Oldeholtwolde,1023.1356036695037
Oldelamer,1719.763074499444
Oldetrijne,988.7077904885987
Oosterstreek,447.45812076019917
Peperga,315.5576527596007
Scherpenzeel,431.29611362040055
Slijkenburg,5.768572554800052
Sonnega,598.7274875948991
Spanga,998.8978076658977
Steggerda,1541.3511890617951
Ter Idzard,841.4684384335991
Vinkega,516.3281979429029
Wolvega,1319.2745236694018
Zandhuizen,792.05848534335
Appelscha,3954.056764240979
Donkerbroek,2230.646996319249
Elsloo,1773.1869683159061
Fochteloo,1977.4795332644503
Langedijke,476.2894970204523
Makkinga,1658.895894081101
Nijeberkoop,1218.5002034455422
Oldeberkoop,1833.514327726908
Oosterwolde,3106.3282559380496
Ravenswoud,1296.6126496172037
Waskemeer,577.8058392170461
Workum,2134.655617402229
Koudum,1584.3828680709528
Molkwerum,1078.5857351661775
Hindeloopen,589.0805316961487
Stavoren,375.63635175987196
Hemelum,1225.9879581561067
Warns,1136.5884414913573
Nijhuizum,479.8139881129993
It Heidenskip,2663.8777744719023
Baaium,214.658585362249
Baard,255.8084322065498
Bears,246.48034873554852
Boazum,773.4846980815483
Britswert,426.324066659605
Easterein,792.5794149107012
Easterlittens,620.8066815333025
Easterwierrum,447.4906500974982
Hidaard,245.79715830469854
Hilaard,491.7864260662524
Hinnaard,232.98522413279787
Húns,318.0233091099507
Iens,292.5351062046997
Itens,256.5267765208021
Jellum,324.73636511330056
Jorwert,717.7870356466505
Kûbaard,728.3024307284004
Leons,192.32517947475017
Lytsewierrum,321.26701248745036
Mantgum,589.8236816439503
Reahûs,457.9672795913477
Rien,230.16002119340095
Spannum,332.5040595245997
Waaksens,266.5992500206514
Weidum,559.8976429806984
Winsum,871.4796100083988
Wiuwert,407.22312486774854
Wjelsryp,594.8836029568986
Wommels,1036.2166774370487
Bolsward,943.0450172006543
Terband,731.2468528929999
Luinjeberd,575.9212397933005
Tjalleberd,876.9462606433967
Gersloot,990.2125508775525
Nieuweschoot,232.90237988669998
Oudeschoot,287.7921912485503
Oranjewoud,478.1645105189002
De Knipe,491.739921109751
Mildam,231.7675899370489
Katlijk,1137.3230004653506
Bontebok,350.2008183264988
Nieuwehorne,640.9572698535486
Oudehorne,932.8918813081017
Jubbega,1707.4020539031983
Hoornsterzwaag,1990.0977990308493
Bantega,1980.0948600657523
Delfstrahuizen,1460.5215074834134
Echten,299.54845922144983
Echtenerbrug,660.9482037804062
Eesterga,371.8200960819461
Follega,845.0516116579479
Lemmer,2257.6798463441273
Oosterzee,1562.361632618362
Allingawier,486.1458356681017
Arum,944.711558057351
Breezanddijk,81.19400870179187
Burgwerd,746.5910240352003
Cornwerd,421.2608576332552
Dedgum,178.8349201975003
Exmorra,640.6838767719986
Ferwoude,753.7179405851986
Gaast,484.522163727163
Hartwerd,539.8153324044496
Hichtum,303.62990262405094
Hieslum,292.48278588050164
Idsegahuizum,301.48629045261924
Kimswerd,801.2083802455184
Kornwerderzand,215.47157688149707
Lollum,831.8820979054993
Longerhouw,209.52078997229995
Makkum,1186.3322713911502
Parrega,896.123455375294
Piaam,181.0604819823561
Pingjum,1294.625205077398
Schettens,424.80936954304855
Schraard,366.2490823165519
Tjerkwerd,1217.9722715003488
Witmarsum,1342.497427024455
Wons,647.8658815271997
Zurich,306.780222418593
Abbega,631.9357015281964
Blauwhuis,195.46888898734954
Folsgare,334.6246521456469
Gaastmeer,677.7687812667481
Gauw,163.94232941645183
Goënga,400.9820735792996
Greonterp,473.7491846588513
Heeg,1693.8982470350004
Hommerts,1041.4277486152475
Idzega,354.1959381573481
IJlst,571.689820501046
Indijk,779.7611532271563
Jutrijp,735.2564932284972
Koufurderrige,1081.6390895008524
Nijland,969.9162605299488
Oosthem,648.2640241945011
Oppenhuizen,380.1185009266519
Sandfirden,345.02505889420115
Scharnegoutum,623.9939677545505
Smallebrugge,194.64763351199966
Tjalhuizum,173.34098360980204
Uitwellingerga,620.2089687513493
Westhem,367.5008099382514
Wolsum,510.4505614466005
Woudsend,254.33427241854974
Ypecolsga,765.4372030924465
Schiermonnikoog,4331.548476517587
Aldtsjerk,707.9118136666509
Wyns,775.1299951792481
Oentsjerk,360.07104871560244
Gytsjerk,588.2091644976061
Ryptsjerk,800.7739370061001
Mûnein,349.8159474254477
Tytsjerk,1243.8393529208042
Suwâld,1372.7028453036035
Hurdegaryp,1042.811635157054
Noardburgum,852.9765207268957
Burgum,1340.2325467873084
Jistrum,838.5851468081005
Sumar,1165.6590602714448
Eastermar,2137.050837431951
Garyp,1820.0698798793019
Earnewâld,744.7175644507502
Akmarijp,365.23227512445146
Boornzwaag,1034.5473202457558
Broek,1033.400324914003
Dijken,474.27121976434717
Doniaga,684.1746688197002
Goingarijp,929.4598297891467
Haskerdijken,780.971288644149
Haskerhorne,712.3163851755019
Idskenhuizen,231.4742603362495
Joure,1905.3645853721976
Langweer,600.4936493903513
Legemeer,297.4820064291022
Nieuwebrug,28.284408203149837
Oldeouwer,876.4707948291829
Ouwsterhaule,201.78932261700206
Ouwster-Nijega,202.82099586624923
Rohel,623.5458066619497
Rotstergaast,993.3870360651975
Rotsterhaule,978.8599147877987
Rottum,693.1348551001466
Scharsterbrug,687.0248956287504
Sint Nicolaasga,1188.994897446946
Sintjohannesga,684.534721843907
Snikzwaag,147.81461918494986
Terkaple,424.6493835334983
Teroele,290.871162184149
Tjerkgaast,1923.9241301330042
Vegelinsoord,1601.7867088093994
Eagum,172.2112374391505
Akkrum,1191.2581841585986
Dearsum,444.66008096129957
Friens,316.545388135901
Idaerd,195.97069420259996
Jirnsum,910.8235158289496
Aldeboarn,2723.620836952805
Poppenwier,483.17183960879913
Raerd,766.5170601530984
Reduzum,723.1673985291494
Sibrandabuorren,398.5383829861485
Terherne,915.2713999439508
Tersoal,463.182049923251
Wergea,1300.9540228360952
Warstiens,270.7518869776007
Warten,2220.455431818401
Hollum,1204.49126605276
Ballum,1538.0697702780042
Nes,2554.5225879290224
Buren,2031.6390947661325
Oosterend,3376.1333712789537
Hoorn,484.7768173743968
Lies,392.6569531319565
Formerum,701.3629413922291
Landerum,94.08209926645547
Midsland,512.9829257961495
Striep,105.95824691692673
Baaiduinen,81.16845906145018
Kaard,28.918625195899892
Hee,145.63285484480673
Kinnum,26.32406565516529
West-Terschelling,2815.6036871987726
Bitgum,252.45757978749978
Bitgummole,511.02710545365244
Berltsum,719.4476346291473
Blessum,265.2595626817991
Boksum,271.1167970959997
Deinum,473.4518242470013
Ingelum,219.25341222474822
Dronryp,1582.9374589913455
Marsum,738.2096754201991
Menaam,1357.6959935526013
Skingen,183.48179342940406
Slappeterp,252.4613121634017
Wier,176.61239561334895
Harlingen,1799.2096314711698
Midlum,257.89938707410323
Wijnaldum,527.468751146787
Augustinusga,764.0354107076004
Boelenslaan,718.7270081892996
Buitenpost,1838.1666801145516
Drogeham,1093.9672110319468
Gerkesklooster,574.4585057215519
Harkema,628.4967351489508
Kootstertille,757.7685888411968
Stroobos,282.30122930220347
Surhuisterveen,745.9685155236481
Surhuizum,1493.2435843813964
Twijzel,901.6493898993513
Twijzelerheide,599.3003520395001
Blije,1237.3763047569494
Burdaard,689.1370785842483
Ferwert,1799.039261790914
Ginnum,199.87123859565187
Hallum,2081.3939819884044
Hegebeintum,460.93343919629865
Jannum,329.87504659520243
Jislum,192.5613953511994
Lichtaard,173.65869679239898
Marrum,2075.4671395168416
Reitsum,304.1848456976505
Wânswert,638.2884944337993
Alde Leie,172.5261431732503
Britsum,407.94321899959937
Feinsum,341.92925200000207
Hijum,351.8175776219978
Jelsum,520.652422218401
Koarnjum,510.84127436840134
Stiens,1840.980312221141
Broeksterwâld,610.3672277339577
Damwâld,1354.791401796601
De Falom,366.41904541000025
Driezum,855.3665529066501
Wâlterswâld,693.0658315181505
Rinsumageast,1646.055066135456
Feanwâlden,1397.7919439813893
Readtsjerk,694.781997018245
De Westereen,818.6860483899484
Sibrandahûs,315.36728830979854
Boornbergum,843.6491946436048
De Tike,314.07254224159425
De Veenhoop,951.4971159197
De Wilgen,431.8056396618426
Drachten,2753.970969467957
Drachtstercompagnie,1086.629568746451
Goëngahuizen,810.8632810436469
Houtigehage,338.8843021450029
Kortehemmen,242.5134043343484
Nijega,891.8332228290981
Opeinde,898.7768646798086
Rottevalle,648.6473372059455
Smalle Ee,220.6125525443047
Vlieland,4249.190175283868
Augsbuert-Lytsewâld,452.78194907740203
Burum,894.7765608529471
Kollum,1458.9284752411413
Kollumerpomp,1802.32926536566
Kollumersweach,1105.4661147445988
Munnekezijl,1857.6087854607224
Aldwâld,931.0518080985029
De Trieme,243.12307187740063
Feankleaster,252.63093931334745
Warfstermolen,1109.6412007313143
Westergeast,978.7313218735993
Sweagerbosk,49.65767976730076
Oudebildtzijl,1628.8172934468982
Westhoek,387.0146078911486
Nij Altoenae,16.549136725100144
St.-Annaparochie,2647.828198600301
St.-Jacobiparochie,2318.592534594273
Minnertsga,1202.6436899722005
Vrouwenparochie,1292.1148458277505
Bakkeveen,2034.2271976796947
Beetsterzwaag,1478.5673043347088
Drachten-Azeven,72.39525733324925
Frieschepalen,442.1610652866517
Gorredijk,1329.985330161502
Hemrik,1089.2662699356495
Jonkerslân,465.1275524876475
Langezwaag,1316.6876624378403
Lippenhuizen,1614.7413927188902
Luxwoude,506.82087982381114
Nij Beets,1911.0478170967474
Olterterp,620.4110968687964
Siegerswoude,1461.7857898724042
Terwispel,1654.604643756395
Tijnje,1351.3703396445064
Ureterp,2551.389769095053
Wijnjewoude,2863.5616273996543
Aalsum,439.3853622583473
Eanjum,2043.1844308514692
Boarnwert,402.59285407929985
Brantgum,359.14891798425367
Dokkum,1006.4294046963017
Ie,1325.3935302222028
Ingwierrum,1241.2595508117997
Foudgum,339.01375421464724
Hantum,351.3716276766487
Hantumerútbuorren,408.4134249835508
Hantumhuzen,487.4752052302506
Hiaure,246.67195928700255
Holwert,1859.2193862529027
Jouswier,255.24101959655164
Ljussens,456.4184077835881
Mitselwier,365.58194686704553
Moddergat,190.9941554854812
Moarre,467.77543295939967
Nijewier,486.6670472939997
Easternijtsjerk,667.9964716294074
Eastrum,425.7275806227524
Peazens,362.3554471537379
Raard,328.2763430970504
Ternaard,1042.1250425994936
Waaxens,181.45956028354948
Wetsens,265.1596265997998
Wierum,439.5445122124121
Sneek,2045.781943906752
Loënga,198.46998187580027
Offingawier,922.7979066377482
Nijehaske,44.32081721169981
Oudehaske,795.5552279746947
Heerenveen,2593.786251414604
Wirdum,786.9321082804489
Haule,1470.1990229739006
Haulerwijk,1037.739436765897
Tirns,471.0773235492023
Ysbrechtum,181.69851761415052
Grou,2517.156657421415
Leeuwarden,5899.5623649470035
Goutum,151.35460892254991
